{
  "version": 2,
  "builds": [
    {
      "src": "api/index.js",
      "use": "@vercel/node"
    },
    {
      "src": "public/**/*",
      "use": "@vercel/static"
    }
  ],
  "routes": [
    {
      "src": "/api/(.*)",
      "dest": "/api/index.js"
    },
    {
      "src": "/(.*)",
      "dest": "/public/$1"
    }
  ],
  "env": {
    "SUPABASE_URL": "@supabase_url",
    "SUPABASE_ANON_KEY": "@supabase_anon_key", 
    "SUPABASE_SERVICE_ROLE_KEY": "@supabase_service_role_key",
    "JWT_SECRET": "@jwt_secret"
  }
}